time,latitude,longitude,depth,mag,magType,nst,gap,dmin,rms,net,id,updated,place,type
2015-10-02T06:25:13.970Z,36.3338,-96.8077,3.42,2.9,mb_lg,,56,0.181,0.5,us,us10003jpt,2015-10-02T07:01:03.010Z,"0km SW of Pawnee, Oklahoma",earthquake
2015-10-02T06:07:53.600Z,36.335,-96.7952,5,2.6,mb_lg,,96,0.177,0.32,us,us10003jpr,2015-10-02T06:44:01.366Z,"0km ESE of Pawnee, Oklahoma",earthquake
2015-10-02T05:58:53.560Z,36.6098,-98.1458,7.45,3.8,mb_lg,,79,0.167,0.75,us,us10003jpm,2015-10-02T06:14:01.112Z,"13km ENE of Helena, Oklahoma",earthquake
2015-10-02T04:08:10.000Z,61.2228,-149.5596,26.5,2.7,ml,,,,0.85,ak,ak11728606,2015-10-02T05:42:06.818Z,"18km E of Anchorage, Alaska",earthquake
2015-10-02T02:34:34.900Z,18.0175,-65.3748,13,4.2,Md,21,151.2,0.18595126,0.21,pr,pr15275000,2015-10-02T06:12:35.742Z,"18km SE of Esperanza, Puerto Rico",earthquake
2015-10-02T01:58:18.090Z,-5.0349,134.1483,29.27,4.6,mb,,117,2.829,0.6,us,us10003jp6,2015-10-02T02:16:28.226Z,"81km N of Dobo, Indonesia",earthquake
2015-10-01T22:49:30.770Z,-16.2318,-173.7857,93.42,5.4,mb,,54,3.015,1.34,us,us10003jmk,2015-10-02T06:52:00.486Z,"31km S of Hihifo, Tonga",earthquake
2015-10-01T21:47:10.480Z,-12.4728,44.5278,15.11,4.6,mb,,52,9.725,0.35,us,us10003jm3,2015-10-02T05:03:19.192Z,"12km S of Antsahe, Comoros",earthquake
2015-10-01T21:28:26.440Z,32.8141,-96.9395,5,2.7,mb_lg,,78,0.023,0.59,us,us10003jlk,2015-10-02T05:24:18.756Z,"0km E of Irving, Texas",earthquake
2015-10-01T20:04:48.520Z,41.8687,-119.5953,7.2,3,ml,7,128.96,0.171,0.1497,nn,nn00513098,2015-10-02T04:07:23.153Z,"71km ESE of Lakeview, Oregon",earthquake
2015-10-01T19:42:46.910Z,-15.7422,-72.2717,29.86,4.9,mb,,151,3.2,1.44,us,us10003jkl,2015-10-01T21:20:31.820Z,"40km NW of Lluta, Peru",earthquake
2015-10-01T18:29:59.010Z,15.0429,-60.4906,63.45,4.5,mb,,108,0.457,0.91,us,us10003jk7,2015-10-02T02:55:40.483Z,"60km ENE of Petite Riviere Salee, Martinique",earthquake
2015-10-01T17:51:06.690Z,9.4557,-84.0864,36.71,4.2,mb,,135,0.379,0.88,us,us10003jjz,2015-10-02T02:47:45.074Z,"9km ENE of Quepos, Costa Rica",earthquake
2015-10-01T16:47:54.900Z,-32.8054,-72.0814,13.71,4.1,mwr,,134,0.431,1.06,us,us10003ji6,2015-10-02T00:50:34.878Z,"49km WNW of Valparaiso, Chile",earthquake
2015-10-01T15:37:20.200Z,36.731,-98.5605,6.598,2.8,ml,,121,,0.91,us,us10003jit,2015-10-01T23:40:00.411Z,"12km SE of Alva, Oklahoma",earthquake
2015-10-01T13:42:44.590Z,26.4601,127.8497,35,4.4,mb,,143,0.532,1.36,us,us10003jgv,2015-10-02T06:25:34.832Z,"4km NE of Ishikawa, Japan",earthquake
2015-10-01T12:28:42.200Z,18.645,-65.4736,69,2.9,Md,7,201.6,0.381784,0.14,pr,pr15274002,2015-10-01T20:31:12.685Z,"39km NE of Luquillo, Puerto Rico",earthquake
2015-10-01T11:01:24.300Z,18.9115,-64.5071,55,3.1,Md,3,262.8,0.24434176,0.17,pr,pr15274001,2015-10-01T19:04:01.382Z,"55km NNE of Road Town, British Virgin Islands",earthquake
2015-10-01T08:52:29.000Z,60.0639,-152.7333,103.1,2.6,ml,,,,0.44,ak,ak11727815,2015-10-01T16:55:29.512Z,"46km S of Redoubt Volcano, Alaska",earthquake
2015-10-01T08:42:25.000Z,62.9036,-151.307,111.4,2.5,ml,,,,0.47,ak,ak11727808,2015-10-01T16:45:04.615Z,"89km NW of Talkeetna, Alaska",earthquake
2015-10-01T07:47:32.810Z,36.2534,-97.2408,1.68,3.2,mb_lg,,59,0.438,0.48,us,us10003jfm,2015-10-02T02:34:17.692Z,"5km SE of Perry, Oklahoma",earthquake
2015-10-01T07:27:04.620Z,32.2088333,-115.2335,21.68,2.72,ml,26,112,0.1631,0.3,ci,ci37251887,2015-10-01T16:30:23.829Z,"6km WSW of Alberto Oviedo Mota, B.C., MX",earthquake
2015-10-01T06:19:33.600Z,18.3059,-64.1118,39,3.1,Md,6,316.8,0.33147834,0.5,pr,pr15274003,2015-10-01T19:18:43.521Z,"54km ESE of Road Town, British Virgin Islands",earthquake
2015-10-01T06:12:11.000Z,67.7846,-149.7809,4.7,2.7,ml,,,,0.75,ak,ak11727636,2015-10-01T14:14:39.685Z,"61km NNE of Coldfoot, Alaska",earthquake
2015-10-01T05:56:35.560Z,36.2525,-97.2392,1.1,3.7,mwr,,59,0.437,0.4,us,us10003jfb,2015-10-02T04:36:42.307Z,"6km SE of Perry, Oklahoma",earthquake
2015-10-01T05:44:00.504Z,41.8623,-119.6353,11.1,2.9,ml,8,76.07,0.15,0.2284,nn,nn00513014,2015-10-01T13:46:34.826Z,"69km ESE of Lakeview, Oregon",earthquake
2015-10-01T04:22:19.786Z,37.8083,-117.0265,14.7,2.7,ml,13,89.8,0.308,0.1417,nn,nn00513007,2015-10-01T12:25:03.502Z,"21km ENE of Goldfield, Nevada",earthquake
2015-10-01T03:21:38.040Z,-31.9307,-72.2025,12.77,4.4,mwr,,181,1.189,0.85,us,us10003jes,2015-10-01T11:24:16.614Z,"103km WSW of Illapel, Chile",earthquake
2015-10-01T02:49:50.200Z,-6.4322,103.4243,35,5.6,mb,,165,3.729,1.26,us,us10003jei,2015-10-01T12:56:47.000Z,"139km SSW of Biha, Indonesia",earthquake
2015-10-01T02:25:53.780Z,-30.1674,-72.045,12.2,4.6,mwr,,121,0.616,1.09,us,us10003jed,2015-10-01T10:28:45.068Z,"71km WSW of Coquimbo, Chile",earthquake
2015-10-01T02:16:16.700Z,18,-66.9182,104,2.8,Md,3,244.8,0.18145969,0.1,pr,pr15274000,2015-10-01T10:18:48.773Z,"1km N of Fuig, Puerto Rico",earthquake
2015-10-01T01:53:32.960Z,-22.0385,-67.2102,169.03,4.7,mb,,34,1.675,0.96,us,us10003je7,2015-10-01T09:56:04.800Z,"142km NE of San Pedro de Atacama, Chile",earthquake
2015-10-01T00:26:56.010Z,-16.0683,-174.8299,265.92,4.5,mb,,67,3.648,0.71,us,us10003jdz,2015-10-01T08:29:33.553Z,"116km W of Hihifo, Tonga",earthquake
2015-10-01T00:04:58.480Z,-6.0467,103.7076,20.21,5.3,mwb,,19,3.276,0.93,us,us10003jdr,2015-10-01T08:07:26.559Z,"86km SSW of Biha, Indonesia",earthquake
2015-09-30T23:04:45.650Z,-30.4259,-72.0924,13.3,4.2,mb,,91,0.465,0.92,us,us10003jdk,2015-10-01T07:07:21.035Z,"87km WNW of Ovalle, Chile",earthquake
2015-09-30T22:59:45.430Z,-30.7603,-71.5248,37.22,4.4,mb,,69,0.128,0.83,us,us10003jdf,2015-10-01T07:02:13.977Z,"35km WSW of Ovalle, Chile",earthquake
2015-09-30T22:26:37.050Z,28.059,53.6657,10,4.2,mb,,51,3.845,0.73,us,us10003jdb,2015-10-01T06:29:09.071Z,"49km SSE of Jahrom, Iran",earthquake
2015-09-30T20:12:44.670Z,-31.7613,-72.1498,16.95,4.4,mb,,150,1.128,0.89,us,us10003jc5,2015-10-01T04:15:24.095Z,"94km W of Illapel, Chile",earthquake
2015-09-30T19:31:23.600Z,36.3694,-98.7227,5,2.9,ml,,91,,0.49,us,us10003jcc,2015-10-01T03:34:02.538Z,"24km WNW of Fairview, Oklahoma",earthquake
2015-09-30T18:42:21.980Z,36.2578,-97.2401,3.35,2.5,mb_lg,,55,0.438,0.48,us,us10003jm9,2015-10-01T22:30:15.102Z,"5km SE of Perry, Oklahoma",earthquake
2015-09-30T18:21:17.000Z,-30.638,-71.722,35.6,4.2,mwr,,,,0.84,us,us10003jb5,2015-10-01T02:24:03.651Z,"50km W of Ovalle, Chile",earthquake
2015-09-30T17:25:56.700Z,18.0938,-101.2835,64.7,5.5,mb,,67,1.545,1.01,us,us10003jb2,2015-10-02T03:59:01.000Z,"36km ESE of Tres Palos, Mexico",earthquake
2015-09-30T16:37:11.100Z,35.9688,-97.2133,7.155,2.6,ml,,82,,0.88,us,us10003jb6,2015-10-02T04:59:45.383Z,"4km NE of Langston, Oklahoma",earthquake
2015-09-30T16:06:52.770Z,-56.2386,-27.7209,106.33,5.7,mb,,53,5.382,1.11,us,us10003j3j,2015-10-01T02:56:44.000Z,"60km NNW of Visokoi Island, South Georgia and the South Sandwich Islands",earthquake
2015-09-30T15:54:21.770Z,-17.8409,-178.6661,551.36,4.5,mb,,80,3.127,1.04,us,us10003j3i,2015-10-02T04:45:45.302Z,"260km SE of Lambasa, Fiji",earthquake
2015-09-30T15:46:35.900Z,35.9698,-97.2181,7.307,2.8,ml,,83,,0.7,us,us10003jay,2015-10-02T04:33:56.306Z,"4km NE of Langston, Oklahoma",earthquake
2015-09-30T15:43:20.200Z,36.2801,-97.5137,5,2.9,ml,,61,,0.42,us,us10003j3e,2015-10-02T04:29:09.050Z,"20km W of Perry, Oklahoma",earthquake
2015-09-30T14:55:37.300Z,18.1245,-68.1656,142,3.8,Md,7,334.8,1.01060469,0.25,pr,pr15273002,2015-09-30T22:58:10.703Z,"54km ESE of Boca de Yuma, Dominican Republic",earthquake
2015-09-30T14:32:30.980Z,8.4446,-103.4312,10,4.5,mb,,199,10.226,0.8,us,us10003j38,2015-09-30T22:35:18.786Z,"Northern East Pacific Rise",earthquake
2015-09-30T13:33:35.500Z,36.7005,-98.652,4.914,2.6,ml,,137,,0.25,us,us10003j33,2015-09-30T21:36:09.423Z,"11km S of Alva, Oklahoma",earthquake
2015-09-30T13:29:18.800Z,40.4131667,-125.3238333,10.54,2.52,md,18,295,0.7995,0.28,nc,nc72533226,2015-10-01T03:43:37.418Z,"91km W of Ferndale, California",earthquake
2015-09-30T13:06:07.300Z,19.5515,-66.351,60,3.3,Md,3,313.2,1.25584477,0.12,pr,pr15273001,2015-09-30T21:08:42.886Z,"120km N of Brenas, Puerto Rico",earthquake
2015-09-30T09:07:15.920Z,31.3687,141.9096,6.52,4.7,mb,,124,2.487,0.6,us,us10003j2d,2015-09-30T17:09:53.517Z,"275km SE of Hachijo-jima, Japan",earthquake
2015-09-30T09:05:23.670Z,37.248,-97.5556667,5.08,2.62,ml,22,125,0.01827,0.07,ismpkansas,ismpkansas70140008,2015-10-02T06:53:16.277Z,"16km W of Wellington, Kansas",earthquake
2015-09-30T08:28:18.890Z,36.703,-98.3282,8.22,3,mb_lg,,137,0.138,0.74,us,us10003j29,2015-09-30T13:09:27.927Z,"6km SSE of Cherokee, Oklahoma",earthquake
2015-09-30T02:58:29.700Z,36.7133,-98.0994,6.405,2.5,ml,,119,,0.58,us,us10003jba,2015-10-02T04:26:40.030Z,"23km E of Cherokee, Oklahoma",earthquake
2015-09-30T02:28:21.100Z,36.761,-98.0698,5.591,2.7,ml,,52,,0.63,us,us10003j3b,2015-10-01T21:35:44.049Z,"25km E of Cherokee, Oklahoma",earthquake
2015-09-30T02:11:23.770Z,-7.2155,154.4664,27.09,5,mb,,58,3.778,0.88,us,us10003j1p,2015-09-30T10:13:59.499Z,"150km SW of Panguna, Papua New Guinea",earthquake
2015-09-30T02:00:04.530Z,-30.6353,-71.717,27.22,4.8,mb,,85,0.08,0.87,us,us10003j1k,2015-09-30T16:04:35.040Z,"49km W of Ovalle, Chile",earthquake
2015-09-30T01:40:23.930Z,-32.8927,-177.2108,20.05,4.8,mb,,222,3.688,0.43,us,us10003j1i,2015-09-30T09:43:00.707Z,"227km SE of L'Esperance Rock, New Zealand",earthquake
2015-09-30T01:32:04.000Z,-30.652,-71.717,31.9,3.8,mb,,,,1.23,us,us10003j1d,2015-10-01T23:29:26.805Z,"49km W of Ovalle, Chile",earthquake
2015-09-30T01:09:46.810Z,36.8648333,-89.4421667,8.74,2.74,md,69,57,0.06556,0.16,nm,nm60091442,2015-09-30T13:04:20.241Z,"10km SW of Charleston, Missouri",earthquake
2015-09-30T01:06:57.740Z,-31.5035,-71.7664,14.47,4.7,mb,,82,0.72,1.02,us,us10003j0n,2015-09-30T16:07:46.040Z,"58km WNW of Illapel, Chile",earthquake
2015-09-30T01:06:22.000Z,46.509,-80.898,1,3.1,mb_lg,,,,0.69,us,us10003j1h,2015-10-01T21:10:10.679Z,"7km ENE of Greater Sudbury, Canada",earthquake
2015-09-30T00:50:08.410Z,39.5896,75.0034,39.98,4.4,mb,,160,2.476,0.78,us,us10003j0e,2015-09-30T08:52:47.459Z,"85km W of Kashi, China",earthquake
2015-09-29T23:47:31.400Z,36.2529,-97.2314,5,2.6,ml,,55,,0.58,us,us10003j32,2015-10-02T04:19:48.997Z,"6km SE of Perry, Oklahoma",earthquake
2015-09-29T23:20:50.750Z,-2.5962,140.1994,19,5.4,mwb,,36,7.947,0.94,us,us10003iz7,2015-09-30T09:27:14.426Z,"42km W of Abepura, Indonesia",earthquake
2015-09-29T23:17:29.020Z,36.5966,-98.2005,5,3.2,mb_lg,,75,0.197,0.73,us,us10003iz3,2015-09-30T01:54:14.300Z,"8km NE of Helena, Oklahoma",earthquake
2015-09-29T23:11:37.200Z,36.6303,-98.2141,4.927,2.5,ml,,177,,0.63,us,us10003jce,2015-10-02T04:08:13.943Z,"10km NNE of Helena, Oklahoma",earthquake
2015-09-29T20:53:47.700Z,36.3716,-98.3242,5.331,2.7,ml,,101,,0.86,us,us10003iyx,2015-10-01T18:13:02.077Z,"18km NE of Fairview, Oklahoma",earthquake
2015-09-29T19:53:22.750Z,-3.4303,146.4065,24.22,5.3,mb,,38,5.982,1.1,us,us10003iy5,2015-09-29T21:41:50.883Z,"182km SSW of Lorengau, Papua New Guinea",earthquake
2015-09-29T19:37:45.400Z,23.9757,121.5665,22.31,4.2,mwr,,84,0.198,0.75,us,us10003iy1,2015-09-29T23:49:07.792Z,"3km W of Hualian, Taiwan",earthquake
2015-09-29T18:49:37.180Z,13.7043,-58.4516,8.03,5,mb,,99,1.213,0.99,us,us10003ixk,2015-09-30T16:11:53.553Z,"127km ENE of Bathsheba, Barbados",earthquake
2015-09-29T18:37:19.000Z,61.5127,-151.3624,61.4,2.5,ml,,,,0.71,ak,ak11726486,2015-09-30T02:40:02.423Z,"74km W of Big Lake, Alaska",earthquake
2015-09-29T17:50:14.450Z,1.5909,128.5652,53.88,5,mb,,32,1.448,1.13,us,us10003ix4,2015-09-30T01:52:54.955Z,"63km ESE of Tobelo, Indonesia",earthquake
2015-09-29T16:46:15.850Z,-31.5387,-72.0341,10,4.5,mb,,190,0.927,0.49,us,us10003iwh,2015-09-30T00:48:48.212Z,"83km W of Illapel, Chile",earthquake
2015-09-29T16:33:27.760Z,30.3205,69.9278,17.08,4.5,mb,,155,4.274,1.1,us,us10003iwf,2015-09-30T00:36:03.986Z,"60km NE of Barkhan, Pakistan",earthquake
2015-09-29T16:12:53.800Z,13.8399,-58.4046,10,4.7,mb,,99,1.319,0.74,us,us10003iw1,2015-09-30T00:15:37.030Z,"138km ENE of Bathsheba, Barbados",earthquake
2015-09-29T15:53:49.030Z,45.7228,26.7268,121,4.1,ml,,39,0.14,0.57,us,us10003iw9,2015-09-29T23:56:22.171Z,"1km NE of Nereju, Romania",earthquake
2015-09-29T15:35:20.760Z,-5.4144,151.9997,52.18,5.4,mb,,37,6.224,0.57,us,us10003ivk,2015-09-29T23:37:56.483Z,"121km SSW of Kokopo, Papua New Guinea",earthquake
2015-09-29T15:26:48.770Z,-26.8963,-63.3891,559.03,4.2,mb,,39,5.128,0.73,us,us10003ivd,2015-09-29T23:29:33.428Z,"21km NW of El Hoyo, Argentina",earthquake
2015-09-29T15:11:18.700Z,18.0233,-65.3951,18,2.7,Md,4,262.8,0.16618833,0.1,pr,pr15272005,2015-09-30T19:12:30.040Z,"11km SE of Esperanza, Puerto Rico",earthquake
2015-09-29T15:02:13.680Z,17.7611,-102.2601,20.27,5,mb,,92,2.115,0.83,us,us10003iv8,2015-09-30T20:01:43.270Z,"22km SSW of Lazaro Cardenas, Mexico",earthquake
2015-09-29T14:53:26.810Z,36.5688333,-121.1351667,10.06,2.67,md,65,55,0.04462,0.08,nc,nc72532611,2015-09-29T22:36:05.147Z,"23km NE of Soledad, California",earthquake
2015-09-29T14:45:16.690Z,-13.7253,167.2383,136.02,4.8,mb,,85,1.712,0.8,us,us10003iv6,2015-09-29T22:47:51.486Z,"37km WNW of Sola, Vanuatu",earthquake
2015-09-29T14:39:13.970Z,2.0094,127.3306,100.79,4.9,mb,,41,1.229,0.88,us,us10003iv4,2015-09-29T22:41:55.974Z,"81km WNW of Tobelo, Indonesia",earthquake
2015-09-29T14:03:28.030Z,-5.9121,131.8264,50.22,4.7,mb,,87,2.122,0.41,us,us10003iup,2015-09-29T22:06:01.004Z,"105km WSW of Tual, Indonesia",earthquake
2015-09-29T13:42:45.530Z,-33.007,-72.1425,21.23,4.7,mb,,80,0.424,0.68,us,us10003it2,2015-09-30T17:30:20.040Z,"48km W of Valparaiso, Chile",earthquake
2015-09-29T13:20:20.590Z,-33.0078,-72.1484,19.77,4.1,mb,,182,0.429,0.7,us,us10003irp,2015-09-29T15:32:53.400Z,"48km W of Valparaiso, Chile",earthquake
2015-09-29T12:41:28.230Z,13.8503,-58.2189,10,4.5,mb,,213,1.48,1.27,us,us10003irj,2015-09-29T20:44:02.701Z,"157km ENE of Bathsheba, Barbados",earthquake
2015-09-29T12:40:00.590Z,36.5915,-98.2173,5,3.1,mb_lg,,80,0.207,0.31,us,us10003irh,2015-09-29T20:42:38.963Z,"6km NE of Helena, Oklahoma",earthquake
2015-09-29T12:37:34.990Z,32.6723333,-115.6611667,11.61,2.7,ml,44,119,0.0596,0.26,ci,ci37250927,2015-09-30T07:41:18.168Z,"13km NW of Progreso, B.C., MX",earthquake
2015-09-29T11:45:32.980Z,-23.803,179.9917,529.23,4.3,mb,,103,5.73,0.66,us,us10003ire,2015-09-29T19:48:05.810Z,"South of the Fiji Islands",earthquake
2015-09-29T11:35:43.830Z,39.3908,143.5673,27.38,4.7,mb,,152,2.62,0.93,us,us10003ira,2015-09-29T19:38:17.813Z,"139km E of Yamada, Japan",earthquake
2015-09-29T11:00:06.400Z,18.9048,-67.654,24,2.7,Md,5,226.8,0.54348075,0.34,pr,pr15272003,2015-09-29T19:02:33.479Z,"74km NW of Aguadilla, Puerto Rico",earthquake
2015-09-29T10:54:41.500Z,27.7127,85.7924,10,4.2,mb,,138,0.438,1.18,us,us10003ir8,2015-09-29T18:57:15.303Z,"26km E of Nagarkot, Nepal",earthquake
2015-09-29T10:01:20.930Z,-31.3844,-72.0854,10,4.4,mb,,125,0.807,1.16,us,us10003ir3,2015-09-30T17:34:40.040Z,"91km WNW of Illapel, Chile",earthquake
2015-09-29T09:27:17.060Z,30.0248,80.3873,35,4.5,mb,,146,5.991,0.98,us,us10003iqz,2015-09-29T17:29:56.253Z,"23km NW of Dharchula, India",earthquake
2015-09-29T09:12:40.260Z,34.7443,24.6091,30.92,4.9,mb,,74,1.764,1.15,us,us10003iqy,2015-09-29T09:38:00.560Z,"38km SSW of Tympakion, Greece",earthquake
2015-09-29T08:59:38.000Z,53.3189,-164.0271,48.3,2.9,ml,,,,0.46,ak,ak11726256,2015-09-29T17:05:01.605Z,"146km SE of Akutan, Alaska",earthquake
2015-09-29T08:46:53.760Z,40.3018,143.7783,35,5,mb,,132,1.774,1.15,us,us10003iqu,2015-09-30T16:17:37.040Z,"172km ENE of Miyako, Japan",earthquake
2015-09-29T08:24:59.500Z,18.3889,-65.4507,101,2.7,Md,5,198,0.17786643,0.07,pr,pr15272001,2015-09-29T16:27:33.199Z,"18km WNW of Culebra, Puerto Rico",earthquake
2015-09-29T08:21:25.000Z,61.5372,-150.6471,45.3,2.7,ml,,,,0.88,ak,ak11726246,2015-09-29T16:23:56.220Z,"36km W of Big Lake, Alaska",earthquake
2015-09-29T05:31:26.490Z,11.5593,43.2897,5.14,4.6,mb,,165,0.435,1.13,us,us10003iyn,2015-09-29T21:12:11.507Z,"11km NNE of Loyada, Djibouti",earthquake
2015-09-29T02:56:33.610Z,-33.041,-72.1693,17.55,4.4,mb,,153,0.447,0.75,us,us10003ipn,2015-09-29T15:10:17.140Z,"50km W of Valparaiso, Chile",earthquake
2015-09-29T00:13:16.700Z,18.6751,-64.997,33,3,Md,5,219.6,0.3233935,0.07,pr,pr15272000,2015-09-29T08:15:53.079Z,"37km N of Charlotte Amalie, U.S. Virgin Islands",earthquake
2015-09-29T00:05:24.050Z,-26.942,-63.3793,560.51,4.3,mb,,30,5.136,0.79,us,us10003ip4,2015-09-29T08:08:07.099Z,"17km WNW of El Hoyo, Argentina",earthquake
2015-09-29T00:03:30.399Z,41.8542,-119.6368,11.9,4.2,ml,8,75.67,0.155,0.2394,nn,nn00512709,2015-09-29T03:32:13.098Z,"69km ESE of Lakeview, Oregon",earthquake
2015-09-28T23:26:54.700Z,18.6049,-67.7659,145,3.3,Md,4,334.8,0.9935367,0.31,pr,pr15271016,2015-09-29T07:29:39.408Z,"61km WNW of Rincon, Puerto Rico",earthquake
2015-09-28T22:04:55.000Z,18.7908,-64.9639,56,2.7,Md,4,216,0.56773526,0.18,pr,pr15271015,2015-09-29T06:07:31.190Z,"49km N of Charlotte Amalie, U.S. Virgin Islands",earthquake
2015-09-28T22:01:05.660Z,39.4386667,-122.9861667,5.39,2.56,md,41,33,0.07101,0.07,nc,nc72532176,2015-09-29T20:31:10.550Z,"26km NE of Redwood Valley, California",earthquake
2015-09-28T21:48:57.200Z,-16.0192,-74.5308,43.9,4.2,mb,,169,4.592,0.97,us,us10003imx,2015-09-29T05:51:28.317Z,"65km S of Acari, Peru",earthquake
2015-09-28T21:36:40.160Z,39.4435,-122.9865,9.15,3.91,mw,56,20,0.06738,0.09,nc,nc72532161,2015-09-30T04:58:25.092Z,"27km NE of Redwood Valley, California",earthquake
2015-09-28T20:27:27.650Z,-31.008,-71.7454,25.83,4.5,mb,,85,0.346,0.7,us,us10003ilv,2015-09-29T04:30:19.598Z,"69km SW of Ovalle, Chile",earthquake
2015-09-28T19:57:30.100Z,19.5795,-64.2385,70,3.4,Md,4,324,0.84890794,0.12,pr,pr15271013,2015-09-29T04:00:12.461Z,"134km NNE of Road Town, British Virgin Islands",earthquake
2015-09-28T19:49:52.000Z,36.3932,-98.2951,6.655,2.9,ml,,82,,0.53,us,us10003im7,2015-09-28T21:27:40.589Z,"17km S of Helena, Oklahoma",earthquake
2015-09-28T19:20:24.000Z,59.6548,-153.3762,115.4,2.6,ml,,,,0.55,ak,ak11725952,2015-09-29T03:22:54.094Z,"87km W of Anchor Point, Alaska",earthquake
2015-09-28T19:17:45.000Z,51.2431,-177.9105,37.8,2.7,ml,,,,0.15,ak,ak11725950,2015-09-29T04:04:09.479Z,"73km SSE of Tanaga Volcano, Alaska",earthquake
2015-09-28T18:36:12.500Z,18.943,-67.7683,24,3.2,Md,7,316.8,0.61983755,0.12,pr,pr15271012,2015-09-29T02:38:38.797Z,"78km ENE of Punta Cana, Dominican Republic",earthquake
2015-09-28T18:05:25.000Z,62.9334,-150.7653,108.9,2.8,ml,,,,0.44,ak,ak11725770,2015-09-29T02:08:08.654Z,"75km NNW of Talkeetna, Alaska",earthquake
2015-09-28T17:44:05.000Z,18.9855,-67.7052,25,2.8,Md,6,313.2,0.63421059,0.09,pr,pr15271011,2015-09-29T01:46:47.439Z,"84km NW of Aguadilla, Puerto Rico",earthquake
2015-09-28T17:20:51.200Z,18.8097,-64.692,30,2.9,Md,14,201.6,0.34944465,0.17,pr,pr15271009,2015-09-29T01:23:27.566Z,"44km N of Road Town, British Virgin Islands",earthquake
2015-09-28T17:09:07.000Z,51.5812,175.9752,51.1,3,ml,,,,0.31,ak,ak11725700,2015-09-29T01:11:36.863Z,"86km S of Buldir Island, Alaska",earthquake
2015-09-28T16:59:48.420Z,-31.5824,-71.5375,40.95,4.4,mb,,105,0.594,0.68,us,us10003ij7,2015-09-29T01:02:29.559Z,"35km W of Illapel, Chile",earthquake
2015-09-28T16:50:51.000Z,19.0643,-67.7345,42,3,Md,10,244.8,0.71775391,0.47,pr,pr15271008,2015-09-29T00:53:20.106Z,"88km NE of Punta Cana, Dominican Republic",earthquake
2015-09-28T16:49:02.200Z,18.7838,-65.5998,24,2.9,Md,4,255.6,0.56144705,0.09,pr,pr15271010,2015-09-29T00:51:37.367Z,"46km NNE of Vieques, Puerto Rico",earthquake
2015-09-28T16:41:59.500Z,18.68,-65.584,52,3.2,Md,12,187.2,0.46712395,0.37,pr,pr15271007,2015-09-29T00:44:42.625Z,"36km NNE of Luquillo, Puerto Rico",earthquake
2015-09-28T16:33:51.880Z,39.7833,142.6888,35,4.6,mb,,150,1.838,0.92,us,us20003pp3,2015-09-29T00:36:31.700Z,"65km ENE of Miyako, Japan",earthquake
2015-09-28T16:25:59.000Z,59.7508,-153.0503,97.2,3.3,ml,,,,0.65,ak,ak11725658,2015-09-29T00:28:44.269Z,"68km W of Anchor Point, Alaska",earthquake
2015-09-28T15:28:03.090Z,-23.7759,-66.5785,192.73,5.4,mb,,35,1.683,0.76,us,us20003pnw,2015-09-29T22:38:36.000Z,"55km NNW of San Antonio de los Cobres, Argentina",earthquake
2015-09-28T14:57:23.000Z,56.9993,-153.6308,47.7,3,ml,,,,0.88,ak,ak11725554,2015-09-28T22:59:55.467Z,"63km SSE of Larsen Bay, Alaska",earthquake
2015-09-28T14:55:34.580Z,-9.2674,120.1397,85.09,4.7,mb,,62,2.165,0.8,us,us20003pns,2015-09-28T22:58:09.696Z,"27km NNW of Tambulatana, Indonesia",earthquake
2015-09-28T14:38:21.000Z,60.0158,-153.0723,117.1,2.7,ml,,,,0.77,ak,ak11725550,2015-09-28T22:40:54.785Z,"55km SSW of Redoubt Volcano, Alaska",earthquake
2015-09-28T14:10:08.000Z,-8.3152,107.2025,35,4.4,mb,,99,0.968,0.83,us,us20003pnn,2015-09-28T22:13:20.841Z,"91km S of Cikamurang, Indonesia",earthquake
2015-09-28T14:00:39.310Z,36.709,-121.3426667,2.89,2.84,md,58,30,0.0006327,0.07,nc,nc72531841,2015-09-28T19:54:05.166Z,"11km S of Ridgemark, California",earthquake
2015-09-28T13:37:04.850Z,16.6231,-86.4012,15,5,mb,,32,2.686,0.64,us,us20003pnj,2015-09-28T21:25:17.159Z,"30km N of French Harbor, Honduras",earthquake
2015-09-28T13:30:48.140Z,35.7923333,-121.3906667,7.51,2.83,md,70,191,0.1053,0.06,nc,nc72531831,2015-09-28T21:33:32.415Z,"24km NW of San Simeon, California",earthquake
2015-09-28T13:21:09.100Z,18.9221,-65.097,9,2.7,Md,4,255.6,0.63600722,0.09,pr,pr15271006,2015-09-28T21:23:44.561Z,"66km NNW of Charlotte Amalie, U.S. Virgin Islands",earthquake
2015-09-28T13:01:52.870Z,-31.1842,-71.5508,27.13,4.2,ml,,167,0.472,0.72,us,us20003pnd,2015-09-28T21:04:38.633Z,"61km NW of Illapel, Chile",earthquake
2015-09-28T11:50:13.000Z,64.7301,-148.9467,11.6,3.1,ml,,,,0.91,ak,ak11725460,2015-09-28T19:52:48.210Z,"18km NNE of North Nenana, Alaska",earthquake
2015-09-28T11:45:00.000Z,36.1966,-97.1597,2.239,2.9,ml,,55,,0.66,us,us10003im1,2015-09-28T21:11:47.905Z,"12km NW of Stillwater, Oklahoma",earthquake
2015-09-28T10:37:08.000Z,51.6463,-174.4646,49.9,3.4,ml,,,,0.43,ak,ak11725428,2015-09-28T18:39:38.126Z,"63km SSW of Atka, Alaska",earthquake
2015-09-28T08:16:02.220Z,-3.3334,-80.605,45.38,4.8,mb,,115,4.149,0.95,us,us20003pmn,2015-09-28T16:18:30.565Z,"31km NW of Tumbes, Peru",earthquake
2015-09-28T07:41:44.740Z,3.6882,-31.8949,10,4.7,mb,,111,10.264,1.28,us,us20003pmj,2015-09-28T15:44:20.864Z,"Central Mid-Atlantic Ridge",earthquake
2015-09-28T07:07:10.180Z,19.9964,-45.566,10,4.8,mb,,102,15.613,0.81,us,us20003pmc,2015-09-28T15:09:41.308Z,"Northern Mid-Atlantic Ridge",earthquake
2015-09-28T06:58:48.400Z,18.9423,-67.432,61,3.1,Md,16,270,0.55695548,0.4,pr,pr15271002,2015-09-28T15:01:30.862Z,"60km NW of San Antonio, Puerto Rico",earthquake
2015-09-28T06:40:08.030Z,20.1377,-45.6373,10,4.6,mb,,101,15.74,0.86,us,us20003pm8,2015-09-28T14:42:47.263Z,"Northern Mid-Atlantic Ridge",earthquake
2015-09-28T06:35:35.000Z,18.9139,-64.305,32,3,Md,6,309.6,0.18505295,0.15,pr,pr15271005,2015-09-28T14:38:11.603Z,"64km NNE of Road Town, British Virgin Islands",earthquake
2015-09-28T06:05:42.900Z,-31.7648,-72.3057,10,4.8,mwr,,81,1.23,1.35,us,us20003pm3,2015-09-28T14:08:16.397Z,"109km W of Illapel, Chile",earthquake
2015-09-28T05:31:32.500Z,18.1928,-63.9858,20,3.2,Md,5,316.8,0.49407341,0.34,pr,pr15271003,2015-09-28T13:34:08.554Z,"71km ESE of Road Town, British Virgin Islands",earthquake
2015-09-28T04:55:37.864Z,41.8564,-119.6267,10.2,3,ml,8,105.57,0.159,0.2002,nn,nn00512559,2015-09-28T06:49:28.755Z,"70km ESE of Lakeview, Oregon",earthquake
2015-09-28T04:53:14.450Z,14.4382,-93.6281,37.29,4.5,mb,,188,1.874,1.08,us,us20003plx,2015-09-28T12:56:00.202Z,"133km WSW of Puerto Madero, Mexico",earthquake
2015-09-28T04:34:35.000Z,62.8035,-151.1282,119.8,3.2,ml,,,,0.72,ak,ak11725311,2015-09-28T12:37:08.970Z,"74km NW of Talkeetna, Alaska",earthquake
2015-09-28T04:31:22.000Z,-16.73,-73.11,15,4.3,ml,,,,1.01,us,us10003jn3,2015-10-01T23:47:47.821Z,"44km WSW of Camana, Peru",earthquake
2015-09-28T04:16:09.720Z,-31.3703,-71.556,32.37,4.1,mb,,82,0.503,0.9,us,us20003plr,2015-09-30T00:55:40.575Z,"47km NW of Illapel, Chile",earthquake
2015-09-28T03:36:28.500Z,18.0405,-65.3927,18,2.7,Md,9,147.6,0.16169675,0.25,pr,pr15271001,2015-09-28T11:39:12.062Z,"10km SE of Esperanza, Puerto Rico",earthquake
2015-09-28T03:23:48.100Z,19.11,-67.7508,30,2.8,Md,7,316.8,0.76626294,0.21,pr,pr15271000,2015-09-28T11:26:24.133Z,"90km NE of Punta Cana, Dominican Republic",earthquake
2015-09-28T03:16:56.500Z,36.6274,-97.6737,5.301,2.9,ml,,60,,0.63,us,us10003ilk,2015-09-30T00:48:20.309Z,"20km SSE of Medford, Oklahoma",earthquake
2015-09-28T03:14:41.000Z,61.5363,-140.69,0,2.6,ml,,,,0.71,ak,ak11725297,2015-09-28T11:17:24.584Z,"189km NNE of Cape Yakataga, Alaska",earthquake
2015-09-28T03:12:01.610Z,36.5301,-98.8461,5,2.6,mb_lg,,44,0.195,0.48,us,us20003plf,2015-09-28T11:14:45.300Z,"33km ENE of Mooreland, Oklahoma",earthquake
2015-09-28T03:07:40.280Z,-31.7107,-72.0656,20.08,4.4,mb,,191,1.041,0.77,us,us20003pla,2015-09-30T00:42:28.728Z,"85km W of Illapel, Chile",earthquake
2015-09-28T03:07:16.500Z,-5.1772,-76.7798,107.83,4.5,mb,,96,4.777,0.92,us,us20003plb,2015-09-28T11:09:52.138Z,"39km SSW of Barranca, Peru",earthquake
2015-09-28T02:31:50.000Z,-16.81,-70.58,13,4,mb,,,,1.13,us,us10003jn2,2015-10-01T23:41:59.772Z,"40km NE of Torata, Peru",earthquake
2015-09-28T01:39:50.580Z,37.062,-97.5183,6.08,2.5,ml,,108,0.059,0.32,us,us10003ij9,2015-10-02T06:52:24.140Z,"8km ENE of Caldwell, Kansas",earthquake
2015-09-28T01:02:06.080Z,20.1829,-45.5437,10,5.1,mb,,71,15.57,1.26,us,us20003pl3,2015-09-28T09:04:33.791Z,"Northern Mid-Atlantic Ridge",earthquake
2015-09-28T00:48:29.240Z,35.6302,140.2986,62.07,4.4,mb,,162,0.605,0.45,us,us20003pl8,2015-09-29T01:32:36.991Z,"2km SW of Yachimata, Japan",earthquake
2015-09-28T00:44:25.940Z,19.9735,-45.342,10,5,mb,,104,15.222,1.21,us,us20003pl2,2015-09-28T08:46:54.989Z,"Northern Mid-Atlantic Ridge",earthquake
2015-09-28T00:42:23.340Z,20.0793,-45.4285,10,4.9,mb,,83,15.191,0.98,us,us20003pkx,2015-09-28T17:57:21.000Z,"Northern Mid-Atlantic Ridge",earthquake
2015-09-28T00:32:34.800Z,20.2737,-45.6681,10,5,mb,,61,15.465,0.77,us,us20003pkv,2015-09-28T17:57:20.000Z,"Northern Mid-Atlantic Ridge",earthquake
2015-09-27T22:39:57.670Z,-31.2202,-71.8543,20.23,4.6,mwr,,118,0.576,1.17,us,us20003pk8,2015-09-28T06:42:41.644Z,"79km NW of Illapel, Chile",earthquake
2015-09-27T21:59:43.650Z,35.9894,-96.8061,2.67,3.2,mb_lg,,87,0.045,0.77,us,usd00065a4,2015-09-27T23:08:42.624Z,"3km W of Cushing, Oklahoma",earthquake
2015-09-27T21:04:46.240Z,-31.6748,-71.6072,30.18,4.9,mwr,,73,1.344,0.97,us,us20003pjl,2015-09-28T01:50:28.178Z,"42km W of Illapel, Chile",earthquake
2015-09-27T21:01:04.960Z,-30.3456,-72.2026,4.37,4.4,mwr,,92,0.589,1.23,us,us20003pjk,2015-09-28T05:03:39.981Z,"93km WSW of Coquimbo, Chile",earthquake
2015-09-27T16:44:29.180Z,-30.6556,-72.0213,11.05,4.4,mb,,195,0.333,1.12,us,us20003pis,2015-09-28T00:47:12.306Z,"78km W of Ovalle, Chile",earthquake
2015-09-27T16:25:58.150Z,-30.777,-71.4309,33.52,4.5,mb,,115,0.203,0.79,us,us20003pir,2015-09-28T00:28:40.877Z,"29km SW of Ovalle, Chile",earthquake
2015-09-27T14:46:54.000Z,56.9939,-155.7642,68.6,2.8,ml,,,,0.53,ak,ak11724943,2015-09-27T22:49:36.540Z,"123km WSW of Larsen Bay, Alaska",earthquake
2015-09-27T14:46:22.720Z,13.0366,51.2633,10,4.7,mb,,73,2.706,0.81,us,us20003pim,2015-09-27T22:48:50.219Z,"130km N of Bereeda, Somalia",earthquake
2015-09-27T14:32:56.800Z,-30.6749,-72.6675,13.36,4.5,mb,,152,0.889,1.11,us,us20003pig,2015-09-27T22:35:24.915Z,"140km W of Ovalle, Chile",earthquake
2015-09-27T14:31:27.160Z,37.2838,71.799,141.24,4.1,mb,,86,0.269,0.54,us,us20003pih,2015-09-27T22:34:19.453Z,"3km NW of Roshtqal'a, Tajikistan",earthquake
2015-09-27T14:27:08.230Z,36.5973,-98.1983,9.26,2.7,mb_lg,,96,0.196,0.24,us,us20003pid,2015-09-27T22:29:36.714Z,"8km NE of Helena, Oklahoma",earthquake
2015-09-27T14:15:45.000Z,59.9598,-153.1546,109.2,3.4,ml,,,,0.75,ak,ak11724929,2015-09-27T22:18:15.632Z,"62km SSW of Redoubt Volcano, Alaska",earthquake
2015-09-27T13:45:27.000Z,67.5994,-162.8796,22.1,3.5,ml,,,,1.13,ak,ak11724894,2015-09-27T21:48:04.940Z,"4km NE of Noatak, Alaska",earthquake
2015-09-27T13:43:53.690Z,-60.3087,-45.0961,13.43,4.7,mb,,59,6.819,0.6,us,us20003pin,2015-09-27T21:46:22.138Z,"Scotia Sea",earthquake
2015-09-27T13:42:47.390Z,36.8912,-97.9091,5,2.9,mb_lg,,76,0.056,0.19,us,us20003pi3,2015-09-27T14:58:46.137Z,"18km WNW of Medford, Oklahoma",earthquake
2015-09-27T13:35:35.100Z,18.9286,-67.6587,7,2.6,Md,3,248.4,0.56773526,0.25,pr,pr15270040,2015-09-27T21:38:14.378Z,"76km NW of Aguadilla, Puerto Rico",earthquake
2015-09-27T13:34:31.200Z,18.9055,-67.7904,23,3,Md,10,316.8,0.59648135,0.23,pr,pr15270034,2015-09-27T21:37:08.940Z,"73km ENE of Punta Cana, Dominican Republic",earthquake
2015-09-27T13:06:15.200Z,18.9235,-67.7451,10,2.9,Md,5,324,0.59288809,0.25,pr,pr15270038,2015-09-27T21:08:51.989Z,"79km ENE of Punta Cana, Dominican Republic",earthquake
2015-09-27T12:18:02.900Z,19.1014,-64.7399,52,2.8,Md,6,259.2,0.53449759,0.31,pr,pr15270044,2015-09-27T20:20:34.991Z,"76km N of Road Town, British Virgin Islands",earthquake
2015-09-27T10:25:59.500Z,19.8542,-65.9032,75,3.4,Md,11,270,1.5460006,0.3,pr,pr15270039,2015-09-27T19:16:00.576Z,"155km N of San Juan, Puerto Rico",earthquake
2015-09-27T10:21:55.970Z,-23.9117,-179.1529,431.99,4.7,mb,,126,12.076,0.89,us,us20003ph2,2015-09-27T18:24:35.436Z,"South of the Fiji Islands",earthquake
2015-09-27T10:10:03.764Z,39.645,-119.1478,7.2,3,ml,47,53.62,0.194,0.1984,nn,nn00512464,2015-09-27T18:12:45.622Z,"9km ENE of Fernley, Nevada",earthquake
2015-09-27T09:37:34.300Z,19.3857,-65.191,59,3.1,Md,4,302.4,1.0519272,0.07,pr,pr15270037,2015-09-27T18:44:04.967Z,"118km NNW of Charlotte Amalie, U.S. Virgin Islands",earthquake
2015-09-27T08:28:36.830Z,-30.7214,-71.4645,34.86,4.7,mb,,52,0.154,0.69,us,us20003pgs,2015-09-27T16:31:05.564Z,"28km WSW of Ovalle, Chile",earthquake
2015-09-27T08:02:44.900Z,18.801,-65.834,15,3.3,Md,17,216,0.52731107,0.3,pr,pr15270015,2015-09-27T16:05:27.860Z,"41km N of Loiza, Puerto Rico",earthquake
2015-09-27T07:23:36.100Z,18.8596,-64.4473,34,2.9,Md,5,262.8,0.16798496,0.17,pr,pr15270036,2015-09-27T17:49:00.399Z,"52km NNE of Road Town, British Virgin Islands",earthquake
2015-09-27T07:07:24.500Z,18.7674,-67.7714,7,2.6,Md,4,244.8,0.47071721,0.11,pr,pr15270035,2015-09-27T17:33:55.525Z,"69km ENE of Punta Cana, Dominican Republic",earthquake
2015-09-27T07:04:58.360Z,-9.7309,107.9545,21.06,4.6,mb,,96,2.165,0.97,us,us20003ph4,2015-09-27T15:07:58.140Z,"215km S of Kalapagenep, Indonesia",earthquake
2015-09-27T06:16:45.000Z,57.0319,-156.294,94.7,3.2,ml,,,,0.72,ak,ak11724650,2015-09-27T14:19:24.634Z,"140km NNW of Chirikof Island, Alaska",earthquake
2015-09-27T05:58:16.700Z,19.4972,-64.4065,54,3.4,Md,5,306,0.76626294,0.09,pr,pr15270029,2015-09-27T14:00:47.504Z,"121km N of Road Town, British Virgin Islands",earthquake
2015-09-27T05:48:00.630Z,-30.6312,-71.8468,19.73,4.7,mb,,81,0.187,0.86,us,us20003pga,2015-09-27T15:12:12.040Z,"62km W of Ovalle, Chile",earthquake
2015-09-27T05:44:25.900Z,19.6588,-66.362,50,3.2,Md,6,306,1.35645608,0.3,pr,pr15270033,2015-09-27T14:31:08.575Z,"131km N of Brenas, Puerto Rico",earthquake
2015-09-27T05:35:16.700Z,19.1201,-68.7626,97,3.6,Md,15,309.6,0.70158424,0.4,pr,pr15270010,2015-09-27T13:38:23.180Z,"33km ENE of Miches, Dominican Republic",earthquake
2015-09-27T05:20:08.000Z,60.161,-152.781,115.7,2.6,ml,,,,0.56,ak,ak11724618,2015-09-27T13:22:39.264Z,"36km S of Redoubt Volcano, Alaska",earthquake
2015-09-27T05:06:28.700Z,19.1525,-66.4714,26,2.8,Md,4,298.8,0.84441637,0.14,pr,pr15270031,2015-09-27T14:03:14.448Z,"76km N of Tierras Nuevas Poniente, Puerto Rico",earthquake
2015-09-27T04:53:23.000Z,59.9762,-151.5251,78.8,3.4,ml,,,,0.6,ak,ak11724594,2015-09-27T12:56:08.467Z,"28km NE of Anchor Point, Alaska",earthquake
2015-09-27T04:49:22.900Z,18.024,-65.3712,13,2.7,Md,8,219.6,0.18595126,0.25,pr,pr15270009,2015-09-27T12:52:00.125Z,"13km SE of Esperanza, Puerto Rico",earthquake
2015-09-27T04:23:44.730Z,35.0054,-111.7463,5,2.9,ml,,55,0.594,0.37,us,us20003pg0,2015-09-27T22:20:03.056Z,"11km SSW of Kachina Village, Arizona",earthquake
2015-09-27T04:20:00.500Z,19.006,-67.6809,13,2.9,Md,7,252,0.82465343,0.54,pr,pr15270030,2015-09-27T14:02:07.029Z,"83km NW of San Antonio, Puerto Rico",earthquake
2015-09-27T04:14:42.700Z,19.0195,-67.9765,39,3.1,Md,4,324,0.78692419,0.62,pr,pr15270028,2015-09-27T14:01:18.826Z,"66km NE of Punta Cana, Dominican Republic",earthquake
2015-09-27T04:13:41.200Z,19.048,-67.7874,70,3,Md,16,234,0.77255114,0.85,pr,pr15270008,2015-09-27T12:16:17.700Z,"83km NE of Punta Cana, Dominican Republic",earthquake
2015-09-27T03:58:37.000Z,63.6313,-150.8261,15.4,2.7,ml,,,,1.03,ak,ak11724574,2015-09-27T12:01:20.030Z,"95km WSW of Healy, Alaska",earthquake
2015-09-27T03:46:18.430Z,36.5292,-98.8664,5,2.8,mb_lg,,76,0.184,0.57,us,us20003pfp,2015-09-27T04:31:00.570Z,"31km ENE of Mooreland, Oklahoma",earthquake
2015-09-27T03:16:23.470Z,42.4426667,-74.4371667,13.76,3.02,ml,22,43,0.2556,0.27,ld,ld60102901,2015-09-30T18:16:31.499Z,"14km ENE of Stamford, New York",earthquake
2015-09-27T03:00:56.800Z,19.0135,-67.7021,14,2.7,Md,5,237.6,0.81297533,0.57,pr,pr15270025,2015-09-27T14:00:01.668Z,"85km NW of San Antonio, Puerto Rico",earthquake
2015-09-27T02:56:13.880Z,-7.2409,129.7219,109.82,5.6,mb,,38,4.976,1.09,us,us20003pf6,2015-09-27T22:13:12.040Z,"192km WNW of Saumlaki, Indonesia",earthquake
2015-09-27T02:44:29.800Z,19.1455,-64.661,14,3.1,Md,3,280.8,0.51653129,0.25,pr,pr15270023,2015-09-27T12:10:45.279Z,"80km N of Road Town, British Virgin Islands",earthquake
2015-09-27T02:44:00.617Z,41.8709,-119.6123,10.2,4.2,ml,10,76.51,0.159,0.1649,nn,nn00512427,2015-09-27T22:55:43.121Z,"70km ESE of Lakeview, Oregon",earthquake
2015-09-27T02:42:01.210Z,-8.1343,149.8021,49.98,4.4,mb,,102,2.9,0.81,us,us20003pf4,2015-09-27T10:44:42.916Z,"183km ENE of Popondetta, Papua New Guinea",earthquake
2015-09-27T02:26:12.400Z,19.6783,-67.6857,24,3.2,Md,3,338.4,1.59091637,0.23,pr,pr15270022,2015-09-27T12:09:36.952Z,"142km NNE of Punta Cana, Dominican Republic",earthquake
2015-09-27T02:22:58.600Z,19.0386,-66.4781,24,3,Md,3,291.6,0.73572022,0.21,pr,pr15270021,2015-09-27T12:08:14.668Z,"63km N of Tierras Nuevas Poniente, Puerto Rico",earthquake
2015-09-27T02:15:23.600Z,19.1294,-67.708,16,3,Md,10,248.4,0.86687425,0.67,pr,pr15270019,2015-09-27T12:07:26.100Z,"95km NE of Punta Cana, Dominican Republic",earthquake
2015-09-27T02:05:37.400Z,19.0963,-67.7475,58,3.2,Md,13,244.8,0.75278821,0.91,pr,pr15270003,2015-09-27T10:08:21.934Z,"89km NE of Punta Cana, Dominican Republic",earthquake
2015-09-27T02:04:44.100Z,19.3575,-67.028,78,2.6,Md,3,356.4,0.88843382,0.21,pr,pr15270006,2015-09-27T10:07:17.119Z,"94km N of Isabela, Puerto Rico",earthquake
2015-09-27T01:46:26.560Z,-19.7833,-178.0106,582.65,4.4,mb,,98,4.245,0.85,us,us20003pey,2015-09-27T09:48:53.554Z,"119km NE of Ndoi Island, Fiji",earthquake
2015-09-27T01:29:05.400Z,19.148,-67.6389,41,3,Md,6,262.8,0.83992479,0.72,pr,pr15270017,2015-09-27T12:06:18.598Z,"92km NW of San Antonio, Puerto Rico",earthquake
2015-09-27T01:19:18.900Z,18.8094,-67.874,23,3.2,Md,4,327.6,0.56504031,0.52,pr,pr15270016,2015-09-27T12:05:30.146Z,"61km ENE of Punta Cana, Dominican Republic",earthquake
2015-09-27T01:14:13.140Z,31.2023333,-115.7341667,5.96,3.36,ml,14,210,0.775,0.25,ci,ci37249559,2015-10-01T16:29:49.475Z,"98km SE of Maneadero, B.C., MX",earthquake
2015-09-27T01:11:49.700Z,19.2091,-67.6601,36,2.7,Md,4,277.2,0.90190855,0.41,pr,pr15270013,2015-09-27T12:04:42.128Z,"98km NW of San Antonio, Puerto Rico",earthquake
2015-09-27T00:55:59.500Z,19.1595,-67.6999,19,3,Md,14,241.2,0.90999338,0.33,pr,pr15270002,2015-09-27T08:58:32.854Z,"97km NE of Punta Cana, Dominican Republic",earthquake
2015-09-27T00:54:30.000Z,19.0132,-67.764,24,2.8,Md,4,334.8,0.68092299,0.1,pr,pr15270026,2015-09-27T12:35:54.693Z,"82km NE of Punta Cana, Dominican Republic",earthquake
2015-09-27T00:51:27.700Z,18.9242,-67.6928,4,3,Md,9,230.4,0.57402347,0.34,pr,pr15270024,2015-09-27T12:26:15.752Z,"78km NW of San Antonio, Puerto Rico",earthquake
2015-09-27T00:47:29.100Z,18.9591,-67.7762,35,2.8,Md,4,331.2,0.63690554,0.1,pr,pr15270018,2015-09-27T11:13:33.548Z,"78km ENE of Punta Cana, Dominican Republic",earthquake
2015-09-27T00:40:35.000Z,19.0443,-67.7174,44,3.6,Md,20,230.4,0.81207702,0.54,pr,pr15270001,2015-09-27T08:43:09.852Z,"88km NE of Punta Cana, Dominican Republic",earthquake
2015-09-27T00:36:55.000Z,19.0806,-67.681,13,2.7,Md,11,244.8,0.87046751,0.31,pr,pr15270014,2015-09-27T08:39:32.502Z,"89km NW of San Antonio, Puerto Rico",earthquake
2015-09-27T00:35:31.900Z,19.1895,-67.6535,31,2.6,Md,5,252,0.88124729,0.23,pr,pr15270011,2015-09-27T08:38:08.824Z,"96km NW of San Antonio, Puerto Rico",earthquake
2015-09-27T00:26:50.700Z,19.065,-67.7095,36,3,Md,10,241.2,0.82106017,0.5,pr,pr15270007,2015-09-27T08:29:26.223Z,"90km NE of Punta Cana, Dominican Republic",earthquake
2015-09-27T00:18:57.400Z,19.1343,-67.6307,33,2.6,Md,8,248.4,0.94143442,0.14,pr,pr15270005,2015-09-27T08:21:39.035Z,"90km NW of San Antonio, Puerto Rico",earthquake
2015-09-27T00:17:37.900Z,18.9461,-67.7695,62,3.3,Md,16,219.6,0.62253249,0.94,pr,pr15270000,2015-09-27T08:20:14.499Z,"78km ENE of Punta Cana, Dominican Republic",earthquake
2015-09-26T23:59:25.190Z,-31.7748,-72.9538,10,4.3,mwr,,78,1.575,1.38,us,us20003ped,2015-09-27T08:01:56.881Z,"170km W of Illapel, Chile",earthquake
2015-09-26T23:44:11.500Z,18.8383,-67.7825,62,2.9,Md,7,226.8,0.6521769,0.31,pr,pr15269015,2015-09-27T07:46:55.256Z,"71km ENE of Punta Cana, Dominican Republic",earthquake
2015-09-26T23:42:01.500Z,19.0345,-67.7174,48,3,Md,12,241.2,0.81387365,0.23,pr,pr15269014,2015-09-27T07:44:33.567Z,"88km NE of Punta Cana, Dominican Republic",earthquake
2015-09-26T23:28:52.800Z,18.9239,-67.6494,21,2.6,Md,6,248.4,0.56054874,0.3,pr,pr15269019,2015-09-27T07:31:25.781Z,"75km NW of Aguadilla, Puerto Rico",earthquake
2015-09-26T23:21:39.900Z,18.979,-67.6638,24,3,Md,9,234,0.73033033,0.25,pr,pr15269018,2015-09-27T07:24:19.868Z,"80km NW of San Antonio, Puerto Rico",earthquake
2015-09-26T23:14:06.580Z,35.7112,-111.9442,5,3.3,ml,,27,0.503,0.76,us,us20003pea,2015-09-27T13:56:56.278Z,"41km SSE of Grand Canyon Village, Arizona",earthquake
2015-09-26T23:10:43.900Z,19.03,-67.6333,24,2.6,Md,7,237.6,0.6584651,0.2,pr,pr15269017,2015-09-27T07:13:09.906Z,"81km NW of San Antonio, Puerto Rico",earthquake
2015-09-26T23:05:01.200Z,18.825,-68.808,119,2.8,Md,3,338.4,0.50934477,0.31,pr,pr15269016,2015-09-27T07:07:39.224Z,"24km NW of Otra Banda, Dominican Republic",earthquake
2015-09-26T22:55:29.500Z,18.843,-67.991,25,2.7,Md,4,331.2,0.66475331,0.28,pr,pr15269013,2015-09-27T06:58:01.573Z,"52km NE of Punta Cana, Dominican Republic",earthquake
2015-09-26T22:42:20.730Z,21.6162,143.1049,307.59,4.5,mb,,99,5.519,0.71,us,us20003pe6,2015-09-27T06:44:53.543Z,"221km WNW of Farallon de Pajaros, Northern Mariana Islands",earthquake
2015-09-26T21:40:35.200Z,-57.0758,-142.2866,10,5.1,mb,,66,26.928,1.29,us,us20003pdw,2015-09-27T15:01:39.040Z,"Pacific-Antarctic Ridge",earthquake
2015-09-26T21:18:04.010Z,-31.2632,-71.7982,29.05,3.9,mwr,,125,0.604,0.68,us,us20003pdn,2015-09-27T05:20:33.631Z,"72km NW of Illapel, Chile",earthquake
2015-09-26T20:57:21.000Z,51.9196,-178.5082,133.9,2.6,ml,,,,0.38,ak,ak11724333,2015-10-02T00:58:00.567Z,"25km W of Tanaga Volcano, Alaska",earthquake
2015-09-26T20:52:33.850Z,-30.7702,-71.4893,41.1,4.1,mwr,,64,0.158,0.69,us,us20003pdj,2015-09-27T04:55:05.405Z,"33km SW of Ovalle, Chile",earthquake
2015-09-26T20:42:12.000Z,51.8776,-173.2128,50.7,2.5,ml,,,,0.54,ak,ak11724331,2015-10-02T00:58:43.597Z,"76km ESE of Atka, Alaska",earthquake
2015-09-26T20:23:52.963Z,41.8537,-119.6042,7.5,2.8,ml,8,75.69,0.174,0.1761,nn,nn00512373,2015-09-27T04:26:32.019Z,"71km ESE of Lakeview, Oregon",earthquake
2015-09-26T19:27:40.115Z,41.8636,-119.6007,8.5,3.1,ml,7,76.17,0.17,0.1812,nn,nn00512362,2015-09-27T03:30:21.039Z,"71km ESE of Lakeview, Oregon",earthquake
2015-09-26T19:08:29.320Z,41.8542,-119.6043,9,3.3,ml,8,75.71,0.173,0.2879,nn,nn00512358,2015-09-27T17:18:33.998Z,"71km ESE of Lakeview, Oregon",earthquake
2015-09-26T18:49:54.050Z,-31.6077,-71.9793,22.63,4.1,mb,,120,0.976,0.78,us,us20003pd2,2015-09-29T16:15:53.842Z,"77km W of Illapel, Chile",earthquake
2015-09-26T18:48:59.300Z,18.9445,-65.237,12,3.2,Md,16,212.4,0.63421059,0.23,pr,pr15269009,2015-09-29T16:05:11.040Z,"71km N of Culebra, Puerto Rico",earthquake
2015-09-26T18:17:24.880Z,-6.2648,151.6721,2.83,5.5,mb,,18,2.117,0.81,us,us20003pcw,2015-09-29T15:41:38.842Z,"186km ESE of Kimbe, Papua New Guinea",earthquake
2015-09-26T18:09:36.000Z,51.8601,-177.7381,6.5,2.6,ml,,,,0.59,ak,ak11724146,2015-10-02T00:58:22.506Z,"27km E of Tanaga Volcano, Alaska",earthquake
2015-09-26T18:07:37.600Z,-30.3813,-72.1508,15.95,4,mb,,195,0.532,1.88,us,us20003pcr,2015-09-29T15:26:23.239Z,"91km WSW of Coquimbo, Chile",earthquake
2015-09-26T17:56:23.000Z,60.1079,-152.6364,92.5,3.1,ml,,,,0.7,ak,ak11724137,2015-10-02T00:55:05.974Z,"51km S of Redoubt Volcano, Alaska",earthquake
2015-09-26T17:53:04.000Z,67.6735,-163.323,20.8,3.1,ml,,,,0.42,ak,ak11728546,2015-10-02T00:57:16.017Z,"19km NW of Noatak, Alaska",earthquake
2015-09-26T17:27:02.000Z,67.6812,-163.4339,13.9,3.8,ml,,,,0.62,ak,ak11724118,2015-10-02T00:56:54.067Z,"23km NW of Noatak, Alaska",earthquake
2015-09-26T17:23:26.750Z,5.2455,123.7624,516,5.5,mwb,,31,2.558,1.02,us,us20003pci,2015-09-29T14:52:48.872Z,"116km SSW of Palimbang, Philippines",earthquake
2015-09-26T16:13:26.370Z,14.7862,-92.4456,87.07,4.6,mb,,135,1.516,0.78,us,us20003pca,2015-09-26T19:08:09.302Z,"7km NNW of Puerto Madero, Mexico",earthquake
2015-09-26T15:15:08.000Z,67.8137,-162.6437,21.9,2.8,ml,,,,0.4,ak,ak11723964,2015-10-02T00:55:28.367Z,"30km NNE of Noatak, Alaska",earthquake
2015-09-26T14:58:20.900Z,19.656,-64.097,25,3.4,Md,4,331.2,0.94772262,0.18,pr,pr15269008,2015-09-26T23:00:52.022Z,"147km NNE of Road Town, British Virgin Islands",earthquake
2015-09-26T14:45:52.000Z,66.0528,-171.6788,25.2,3.8,ml,,,,0.64,ak,ak11728526,2015-10-02T00:56:17.458Z,"60km NNW of Lavrentiya, Russia",earthquake
2015-09-26T14:28:49.390Z,-4.0748,127.5863,225.9,4.7,mb,,64,4.793,0.9,us,us20003pby,2015-09-26T22:31:19.808Z,"73km WSW of Amahusu, Indonesia",earthquake
2015-09-26T14:24:19.810Z,-21.238,-175.7968,149.22,5,mb,,92,5.918,1.28,us,us20003pbx,2015-09-26T22:26:45.670Z,"61km W of Havelu, Tonga",earthquake
2015-09-26T14:14:36.500Z,18.9064,-64.3161,30,3,Md,4,306,0.17696811,0.18,pr,pr15269007,2015-09-26T22:17:07.144Z,"62km NNE of Road Town, British Virgin Islands",earthquake
2015-09-26T13:47:51.220Z,23.9556,-108.8749,10,4.9,mb,,104,1.015,1.11,us,us20003pbl,2015-09-26T21:50:25.207Z,"130km NE of San Jose del Cabo, Mexico",earthquake
2015-09-26T12:52:55.100Z,19.1215,-64.3346,48,3.2,Md,5,309.6,0.38986883,0.25,pr,pr15269006,2015-09-26T20:55:28.691Z,"83km NNE of Road Town, British Virgin Islands",earthquake
2015-09-26T12:45:21.800Z,18.9638,-64.9527,13,3.1,Md,4,255.6,0.70158424,0.25,pr,pr15269005,2015-09-26T20:47:55.017Z,"68km N of Charlotte Amalie, U.S. Virgin Islands",earthquake
2015-09-26T12:44:08.300Z,18.9867,-64.9315,17,3.1,Md,5,259.2,0.6404988,0.25,pr,pr15269004,2015-09-26T20:46:50.013Z,"71km N of Charlotte Amalie, U.S. Virgin Islands",earthquake
2015-09-26T12:43:21.400Z,18.9241,-64.9223,10,2.8,Md,5,255.6,0.57043021,0.27,pr,pr15269003,2015-09-26T20:46:04.218Z,"64km N of Charlotte Amalie, U.S. Virgin Islands",earthquake
2015-09-26T12:25:43.000Z,51.3242,-174.2289,37.3,2.5,ml,,,,0.37,ak,ak11723824,2015-10-02T00:59:05.140Z,"97km S of Atka, Alaska",earthquake
2015-09-26T12:19:58.080Z,40.4425,-125.252,7.06,2.84,md,36,266,0.7489,0.29,nc,nc72530001,2015-09-28T21:52:05.456Z,"85km W of Ferndale, California",earthquake
2015-09-26T11:31:43.510Z,-7.5377,128.4782,172.32,4.6,mb,,60,2.829,1.12,us,us20003pbc,2015-09-26T19:34:25.831Z,"Kepulauan Barat Daya, Indonesia",earthquake
2015-09-26T10:07:46.200Z,18.8932,-64.2667,37,3.4,Md,15,324,0.17337485,0.09,pr,pr15269001,2015-09-26T18:10:41.439Z,"64km NE of Road Town, British Virgin Islands",earthquake
2015-09-26T09:49:47.340Z,42.1882,142.1002,83.16,5,mb,,86,0.805,0.92,us,us20003pb3,2015-09-26T10:09:44.553Z,"27km SW of Shizunai, Japan",earthquake
2015-09-26T09:37:53.540Z,-31.4088,-71.4788,44.16,4.6,mb,,77,0.457,0.49,us,us20003pb1,2015-09-27T15:18:21.040Z,"38km NW of Illapel, Chile",earthquake
2015-09-26T09:09:06.380Z,-19.1644,-177.5316,563.98,4.6,mb,,84,4.422,1.03,us,us20003pay,2015-09-26T17:11:41.665Z,"204km NE of Ndoi Island, Fiji",earthquake
2015-09-26T08:28:12.230Z,-5.6919,68.3388,10,5,mb,,44,12.848,0.58,us,us20003pat,2015-09-26T16:30:42.739Z,"Chagos Archipelago region",earthquake
2015-09-26T07:55:32.380Z,-30.6306,-72.0394,18.6,4.5,mwr,,113,0.351,0.59,us,us20003par,2015-09-27T15:23:46.040Z,"80km W of Ovalle, Chile",earthquake
2015-09-26T07:01:04.160Z,-14.2979,-73.5897,60.78,4.5,mb,,153,3.913,0.77,us,us20003pan,2015-09-26T15:03:48.645Z,"65km NNE of Tambo, Peru",earthquake
2015-09-26T06:15:05.400Z,40.0182,-29.5663,10,4.7,mb,,71,1.65,0.77,us,us20003pal,2015-09-26T14:17:49.407Z,"147km ENE of Santa Cruz das Flores, Portugal",earthquake
2015-09-26T04:53:59.000Z,-30.721,-71.389,49.7,4.1,mb,,,,0.91,us,us20003pah,2015-09-27T01:47:31.060Z,"22km SW of Ovalle, Chile",earthquake
2015-09-26T04:51:57.440Z,60.7275,-44.1066,7.03,4.7,mb,,61,0.773,0.99,us,us20003pai,2015-09-26T12:54:43.945Z,"90km NE of Nanortalik, Greenland",earthquake
2015-09-26T04:11:14.000Z,56.7804,-157.8957,80.4,2.5,ml,,,,0.95,ak,ak11723509,2015-10-02T00:55:52.840Z,"79km NE of Chignik Lake, Alaska",earthquake
2015-09-26T03:20:51.000Z,-20.9714,168.9376,36.4,5.4,mb,,48,0.986,1.03,us,us20003pa4,2015-09-26T04:34:51.056Z,"126km ENE of Tadine, New Caledonia",earthquake
2015-09-26T03:03:20.610Z,-30.7316,-71.6476,35,5.1,mb,,154,0.058,0.75,us,us20003p9z,2015-09-26T11:05:55.604Z,"45km WSW of Ovalle, Chile",earthquake
2015-09-26T02:51:18.200Z,-30.8199,-71.3854,38.07,6.2,mwp,,30,0.259,1.16,us,us20003p9y,2015-09-27T16:09:58.358Z,"30km SW of Ovalle, Chile",earthquake
2015-09-26T02:15:00.000Z,58.0985,-154.5073,92.1,2.8,ml,,,,0.78,ak,ak11723461,2015-10-02T00:57:38.468Z,"69km NNW of Larsen Bay, Alaska",earthquake
2015-09-26T00:01:40.070Z,16.9611,145.9194,27.59,4.7,mb,,77,0.647,0.55,us,us20003p9h,2015-09-26T08:04:25.391Z,"72km NNE of Anatahan, Northern Mariana Islands",earthquake
2015-09-25T23:24:13.520Z,54.9427,111.5748,10,4.7,mb,,59,7.628,0.88,us,us20003p9a,2015-09-26T07:26:49.889Z,"109km NE of Kurumkan, Russia",earthquake
2015-09-25T22:58:41.920Z,16.9733,145.9229,27.65,5.1,mb,,68,0.66,0.65,us,us20003p94,2015-09-26T07:01:26.695Z,"73km NNE of Anatahan, Northern Mariana Islands",earthquake
2015-09-25T22:30:31.280Z,36.2642,-98.498,5,3,mb_lg,,43,0.422,0.68,us,us20003p8p,2015-09-26T02:10:55.685Z,"1km WSW of Fairview, Oklahoma",earthquake
2015-09-25T22:18:03.000Z,59.1312,-154.5898,203.8,2.9,ml,,,,0.81,ak,ak11723389,2015-09-26T06:20:35.088Z,"71km SSE of Old Iliamna, Alaska",earthquake
2015-09-25T22:13:59.652Z,41.8937,-119.6449,10.8,2.6,ml,6,77.62,0.126,0.1389,nn,nn00512257,2015-09-26T06:16:38.271Z,"66km ESE of Lakeview, Oregon",earthquake
2015-09-25T22:05:38.550Z,40.4011667,-124.4721667,21.13,2.68,md,21,251,0.1639,0.21,nc,nc72529531,2015-09-26T06:08:16.027Z,"26km SW of Ferndale, California",earthquake
2015-09-25T22:04:31.600Z,16.9349,145.9119,31.2,4.7,mb,,87,0.62,0.49,us,us20003p8z,2015-09-26T06:07:11.602Z,"69km NNE of Anatahan, Northern Mariana Islands",earthquake
2015-09-25T21:53:22.250Z,-0.666,131.2198,37.44,4.9,mb,,88,2.463,0.81,us,us20003p8e,2015-09-26T05:55:52.945Z,"24km N of Sorong, Indonesia",earthquake
2015-09-25T21:46:20.100Z,18.8999,-64.9115,56,3,Md,4,248.4,0.55605716,0.47,pr,pr15268008,2015-09-26T05:49:02.653Z,"61km N of Charlotte Amalie, U.S. Virgin Islands",earthquake
2015-09-25T21:15:52.200Z,18.898,-65.2938,48,3,Md,4,252,0.5874982,0.33,pr,pr15268007,2015-09-26T05:18:26.772Z,"65km N of Culebra, Puerto Rico",earthquake
2015-09-25T20:47:58.100Z,19.0076,-64.9524,31,2.7,Md,3,280.8,0.73212696,0.34,pr,pr15268006,2015-09-26T17:29:38.040Z,"73km N of Charlotte Amalie, U.S. Virgin Islands",earthquake
2015-09-25T20:30:58.540Z,-30.5466,-72.082,13.8,4.7,mwr,,83,0.405,0.91,us,us20003p7c,2015-09-26T17:27:35.322Z,"84km W of Ovalle, Chile",earthquake
2015-09-25T20:30:52.000Z,58.8035,-156.3013,203.1,3,ml,,,,1.07,ak,ak11723358,2015-09-26T04:33:30.943Z,"24km ENE of King Salmon, Alaska",earthquake
2015-09-25T20:28:38.500Z,23.1025,94.4869,86.67,4.1,mb,,145,3.431,0.82,us,us20003p7w,2015-09-26T17:21:08.144Z,"59km S of Mawlaik, Burma",earthquake
2015-09-25T20:14:52.000Z,36.2815,-97.5057,7.871,2.8,ml,,61,,0.53,us,us20003p8f,2015-09-26T16:47:38.566Z,"19km W of Perry, Oklahoma",earthquake
2015-09-25T18:40:31.000Z,63.0193,-150.6092,110.7,3.3,ml,,,,0.5,ak,ak11723235,2015-09-26T16:26:24.040Z,"81km NNW of Talkeetna, Alaska",earthquake
2015-09-25T16:57:41.510Z,26.595,91.7498,47.06,4.4,mb,,123,1.028,0.97,us,us20003p4y,2015-09-26T02:19:16.518Z,"18km NE of Rangia, India",earthquake
2015-09-25T16:11:56.000Z,62.0539,-147.4052,16.8,2.5,ml,,,,0.66,ak,ak11723215,2015-09-26T00:14:23.539Z,"81km ENE of Sutton-Alpine, Alaska",earthquake
2015-09-25T14:38:51.000Z,63.0585,-148.6936,60.6,2.5,ml,,,,0.59,ak,ak11723194,2015-09-25T22:41:38.305Z,"39km SSE of Cantwell, Alaska",earthquake
2015-09-25T14:17:16.700Z,17.8407,-65.662,4,3,Md,8,223.2,0.27488448,0.43,pr,pr15268004,2015-09-25T22:20:02.201Z,"29km SE of Emajagua, Puerto Rico",earthquake
2015-09-25T13:56:42.960Z,12.2807,142.6596,16.73,4.9,mb,,135,2.515,0.99,us,us20003p0v,2015-09-25T21:59:24.936Z,"243km WSW of Merizo Village, Guam",earthquake
2015-09-25T13:28:53.150Z,-8.0216,110.4043,5.07,4.3,mb,,62,0.16,0.6,us,us20003pjn,2015-09-27T21:23:24.076Z,"9km SE of Pundong, Indonesia",earthquake
2015-09-25T12:55:32.048Z,41.8624,-119.637,11.1,2.9,ml,9,76.07,0.149,0.1574,nn,nn00512173,2015-09-25T20:58:26.618Z,"68km ESE of Lakeview, Oregon",earthquake
2015-09-25T12:17:53.800Z,18.9218,-68.8196,58,2.7,Md,4,327.6,0.57941336,0.12,pr,pr15268003,2015-09-25T20:20:30.381Z,"24km ESE of Miches, Dominican Republic",earthquake
2015-09-25T11:47:06.460Z,-31.5242,-71.9643,10,4.8,mb,,76,0.884,0.64,us,us20003p0f,2015-09-25T19:49:48.522Z,"76km W of Illapel, Chile",earthquake
2015-09-25T11:38:01.300Z,17.7975,-65.6498,14,2.6,Md,3,302.4,0.3117154,0.1,pr,pr15268002,2015-09-25T19:40:47.004Z,"33km SE of Emajagua, Puerto Rico",earthquake
2015-09-25T10:27:37.780Z,19.334,-155.1186667,7.342,3.41,ml,54,135,0.04889,0.09,hv,hv61045696,2015-09-25T17:48:45.907Z,"16km SE of Volcano, Hawaii",earthquake
2015-09-25T09:56:43.130Z,-31.8175,-72.2097,10,4.3,mwr,,83,1.2,0.96,us,us20003p01,2015-09-25T17:59:21.319Z,"101km WSW of Illapel, Chile",earthquake
2015-09-25T09:39:42.580Z,34.8425,-118.9635,14.81,2.56,ml,64,45,0.06733,0.3,ci,ci37248607,2015-09-25T17:42:13.282Z,"3km NW of Frazier Park, California",earthquake
2015-09-25T09:20:29.000Z,68.9257,-145.1166,14.7,2.6,ml,,,,0.93,ak,ak11723000,2015-09-25T17:23:21.845Z,"90km N of Arctic Village, Alaska",earthquake
2015-09-25T08:47:52.430Z,1.3002,122.7584,45.82,4.9,mb,,86,1.985,1.04,us,us20003nzc,2015-09-25T17:05:02.891Z,"71km NW of Boroko, Indonesia",earthquake
2015-09-25T08:23:14.000Z,58.2478,-143.0346,7.7,2.5,ml,,,,0.38,ak,ak11722937,2015-09-25T16:25:52.917Z,"205km S of Cape Yakataga, Alaska",earthquake
2015-09-25T07:32:08.220Z,38.7921667,-122.8013333,3.69,2.64,md,45,36,0.01647,0.06,nc,nc72529351,2015-09-25T22:04:57.490Z,"4km WNW of The Geysers, California",earthquake
